Year, Make, Model
1957,BMW,600
1958,BMW,600
1959,BMW,600
1968,Dodge,Charger
1969,Dodge,Charger
1970,Porsche,914
1970,Dodge,Charger
1976,Dodge,Aspen
1978,Dodge,Omni
1981,Dodge,Aries
1983,Porsche,944
1984,Maserati,Quattroporte
1984,Maserati,Biturbo
1984,Porsche,944
1984,Dodge,Daytona
1985,Lamborghini,Countach
1985,Maserati,Biturbo
1985,Maserati,Quattroporte
1985,Porsche,911
1985,Porsche,928
1985,Porsche,944
1985,Dodge,Caravan
1986,Maserati,Biturbo
1986,Maserati,Quattroporte
1986,Porsche,911
1986,Porsche,928
1986,Porsche,944
1986,Land Rover,Range Rover
1986,Lamborghini,Countach
1987,Lamborghini,Countach
1987,Porsche,911
1987,Porsche,928
1987,Porsche,944
1987,Porsche,924 S
1987,Maserati,Biturbo
1987,Land Rover,Range Rover
1988,Porsche,911
1988,Porsche,924
1988,Porsche,928
1988,Porsche,944
1988,Lamborghini,Countach
1988,Land Rover,Range Rover
1989,Porsche,911
1989,Porsche,928
1989,Porsche,944
1989,Maserati,228
1989,Maserati,430
1989,Maserati,Spyder
1989,Maserati,Karif
1989,Land Rover,Range Rover
1989,BMW,6 Series
1989,Lamborghini,Countach
1989,Dodge,Colt
1990,Porsche,911
1990,Porsche,928
1990,Porsche,944
1990,Maserati,228
1990,Maserati,430
1990,Maserati,Karif
1990,Maserati,Spyder
1990,Lamborghini,Diablo
1990,Lamborghini,Countach
1990,Land Rover,Range Rover
1991,Porsche,911
1991,Porsche,928
1991,Porsche,944
1991,Lamborghini,Diablo
1991,Maserati,430
1991,Maserati,Spyder
1991,Land Rover,Range Rover
1991,Land Rover,Sterling
1992,BMW,3 Series
1992,BMW,5 Series
1992,BMW,7 Series
1992,BMW,8 Series
1992,BMW,M5
1992,Land Rover,Range Rover
1992,Land Rover,Defender
1992,Dodge,Viper
1992,Dodge,Caravan
1992,Dodge,Colt
1992,Dodge,D150 Club
1992,Dodge,D150
1992,Dodge,D250 Club
1992,Dodge,D250
1992,Dodge,D350 Club
1992,Dodge,D350
1992,Dodge,Dakota Club
1992,Dodge,Dakota
1992,Dodge,Daytona
1992,Dodge,Dynasty
1992,Dodge,Grand Caravan
1992,Dodge,Monaco
1992,Dodge,Ram 50
1992,Dodge,Ram Van B150
1992,Dodge,Ram Van B250
1992,Dodge,Ram Van B350
1992,Dodge,Ram Wagon B150
1992,Dodge,Ram Wagon B250
1992,Dodge,Ram Wagon B350
1992,Dodge,Ramcharger
1992,Dodge,Shadow
1992,Dodge,Spirit
1992,Dodge,Stealth
1992,Lamborghini,Diablo
1992,Porsche,911
1992,Porsche,968
1992,Alfa Romeo,164
1992,Alfa Romeo,Spider
1992,GMC,1500
1992,GMC,2500
1992,GMC,3500
1992,GMC,1500 Club Coupe
1992,GMC,2500 Club Coupe
1992,GMC,3500 Club Coupe
1992,GMC,Jimmy
1992,GMC,Rally Wagon 1500
1992,GMC,Rally Wagon 2500
1992,GMC,Rally Wagon 3500
1992,GMC,Safari
1992,GMC,Sonoma Club
1992,GMC,Sonoma
1992,GMC,Suburban 1500
1992,GMC,Suburban 2500
1992,GMC,Vandura 1500
1992,GMC,Vandura 2500
1992,GMC,Vandura 3500
1992,GMC,Yukon
1992,Jaguar,XJ Series
1992,Volvo,240
1992,Volvo,740
1992,Volvo,940
1992,Volvo,960
1993,Porsche,911
1993,Porsche,928
1993,Porsche,968
1993,Dodge,Viper RT/10
1993,Dodge,Intrepid
1993,Dodge,Caravan
1993,Dodge,Colt
1993,Dodge,D150 Club
1993,Dodge,D150
1993,Dodge,D250 Club
1993,Dodge,D250
1993,Dodge,D350 Club
1993,Dodge,D350
1993,Dodge,Dakota Club
1993,Dodge,Dakota
1993,Dodge,Daytona
1993,Dodge,Dynasty
1993,Dodge,Grand Caravan
1993,Dodge,Ram 50
1993,Dodge,Ram Van B150
1993,Dodge,Ram Van B250
1993,Dodge,Ram Van B350
1993,Dodge,Ram Wagon B150
1993,Dodge,Ram Wagon B250
1993,Dodge,Ram Wagon B350
1993,Dodge,Ramcharger
1993,Dodge,Shadow
1993,Dodge,Spirit
1993,Dodge,Stealth
1993,Dodge,Viper
1993,Lamborghini,Diablo
1993,BMW,3 Series
1993,BMW,5 Series
1993,BMW,7 Series
1993,BMW,8 Series
1993,BMW,M5
1993,Land Rover,Defender
1993,Land Rover,Range Rover Classic
1993,Land Rover,Defender 110
1993,Land Rover,Range Rover
1993,Alfa Romeo,164
1993,Alfa Romeo,Spider
1993,GMC,1500
1993,GMC,2500
1993,GMC,3500
1993,GMC,1500 Club Coupe
1993,GMC,2500 Club Coupe
1993,GMC,3500 Club Coupe
1993,GMC,Jimmy
1993,GMC,Rally Wagon 1500
1993,GMC,Rally Wagon 2500
1993,GMC,Rally Wagon 3500
1993,GMC,Safari
1993,GMC,Sonoma Club Coupe
1993,GMC,Sonoma
1993,GMC,Suburban 1500
1993,GMC,Suburban 2500
1993,GMC,Vandura 1500
1993,GMC,Vandura 2500
1993,GMC,Vandura 3500
1993,GMC,Yukon
1993,HUMMER,H1
1993,Jaguar,XJ Series
1993,Volvo,240
1993,Volvo,850
1993,Volvo,940
1993,Volvo,960
1994,Dodge,Intrepid
1994,Dodge,Ram
1994,Dodge,Viper RT/10
1994,Dodge,Caravan
1994,Dodge,Colt
1994,Dodge,Dakota Club
1994,Dodge,Dakota
1994,Dodge,Grand Caravan
1994,Dodge,Ram 1500
1994,Dodge,Ram 2500
1994,Dodge,Ram 3500
1994,Dodge,Ram Van B150
1994,Dodge,Ram Van B250
1994,Dodge,Ram Van B350
1994,Dodge,Ram Wagon B150
1994,Dodge,Ram Wagon B250
1994,Dodge,Ram Wagon B350
1994,Dodge,Shadow
1994,Dodge,Spirit
1994,Dodge,Stealth
1994,Dodge,Viper
1994,Land Rover,Discovery
1994,Land Rover,Range Rover
1994,Land Rover,Defender
1994,Land Rover,Defender 90
1994,Lamborghini,Diablo
1994,Porsche,911
1994,Porsche,928
1994,Porsche,968
1994,BMW,3 Series
1994,BMW,5 Series
1994,BMW,7 Series
1994,BMW,8 Series
1994,Alfa Romeo,164
1994,Alfa Romeo,Spider
1994,GMC,1500
1994,GMC,2500
1994,GMC,3500
1994,GMC,1500 Club Coupe
1994,GMC,2500 Club Coupe
1994,GMC,3500 Club Coupe
1994,GMC,Jimmy
1994,GMC,Rally Wagon 2500
1994,GMC,Rally Wagon 3500
1994,GMC,Safari
1994,GMC,Sonoma Club Coupe
1994,GMC,Sonoma
1994,GMC,Suburban 1500
1994,GMC,Suburban 2500
1994,GMC,Vandura 1500
1994,GMC,Vandura 2500
1994,GMC,Vandura 3500
1994,GMC,Yukon
1994,HUMMER,H1
1994,Jaguar,XJ Series
1994,Volvo,850
1994,Volvo,940
1994,Volvo,960
1995,Porsche,911
1995,Porsche,928
1995,Porsche,968
1995,BMW,3 Series
1995,BMW,5 Series
1995,BMW,7 Series
1995,BMW,8 Series
1995,BMW,M3
1995,Land Rover,Defender
1995,Land Rover,Range Rover
1995,Land Rover,Discovery
1995,Land Rover,Defender 90
1995,Dodge,Viper RT/10
1995,Dodge,Avenger
1995,Dodge,Caravan
1995,Dodge,Dakota Club
1995,Dodge,Dakota
1995,Dodge,Grand Caravan
1995,Dodge,Intrepid
1995,Dodge,Neon
1995,Dodge,Ram 1500 Club
1995,Dodge,Ram 1500
1995,Dodge,Ram 2500 Club
1995,Dodge,Ram 2500
1995,Dodge,Ram 3500 Club
1995,Dodge,Ram 3500
1995,Dodge,Ram Van 1500
1995,Dodge,Ram Van 2500
1995,Dodge,Ram Van 3500
1995,Dodge,Spirit
1995,Dodge,Stealth
1995,Dodge,Stratus
1995,Dodge,Viper
1995,Lamborghini,Diablo
1995,Alfa Romeo,164
1995,GMC,1500
1995,GMC,2500
1995,GMC,3500
1995,GMC,1500 Club Coupe
1995,GMC,2500 Club Coupe
1995,GMC,3500 Club Coupe
1995,GMC,Jimmy
1995,GMC,Rally Wagon G2500
1995,GMC,Rally Wagon G3500
1995,GMC,Safari
1995,GMC,Sonoma Club Coupe
1995,GMC,Sonoma
1995,GMC,Suburban 1500
1995,GMC,Suburban 2500
1995,GMC,Vandura G1500
1995,GMC,Vandura G2500
1995,GMC,Vandura G3500
1995,GMC,Yukon
1995,HUMMER,H1
1995,Jaguar,XJ Series
1995,Volvo,850
1995,Volvo,940
1995,Volvo,960
1996,Dodge,Caravan
1996,Dodge,Stratus
1996,Dodge,Avenger
1996,Dodge,Dakota Club
1996,Dodge,Dakota
1996,Dodge,Grand Caravan
1996,Dodge,Intrepid
1996,Dodge,Neon
1996,Dodge,Ram 1500 Club
1996,Dodge,Ram 1500
1996,Dodge,Ram 2500 Club
1996,Dodge,Ram 2500
1996,Dodge,Ram 3500 Club
1996,Dodge,Ram 3500
1996,Dodge,Ram Van 1500
1996,Dodge,Ram Van 2500
1996,Dodge,Ram Van 3500
1996,Dodge,Stealth
1996,Dodge,Viper
1996,Porsche,911
1996,Land Rover,Discovery
1996,Land Rover,Range Rover
1996,BMW,3 Series
1996,BMW,7 Series
1996,BMW,8 Series
1996,BMW,M3
1996,BMW,Z3
1996,Lamborghini,Diablo
1996,GMC,1500
1996,GMC,2500
1996,GMC,3500
1996,GMC,1500 Club Coupe
1996,GMC,2500 Club Coupe
1996,GMC,3500 Club Coupe
1996,GMC,Jimmy
1996,GMC,Rally Wagon G3500
1996,GMC,Safari
1996,GMC,Savana 1500
1996,GMC,Savana 2500
1996,GMC,Savana 3500
1996,GMC,Sonoma Club Coupe
1996,GMC,Sonoma
1996,GMC,Suburban 1500
1996,GMC,Suburban 2500
1996,GMC,Vandura G3500
1996,GMC,Yukon
1996,HUMMER,H1
1996,Jaguar,XJ Series
1996,Volvo,850
1996,Volvo,960
1997,BMW,3 Series
1997,BMW,5 Series
1997,BMW,7 Series
1997,BMW,8 Series
1997,BMW,M3
1997,BMW,Z3
1997,Lamborghini,Diablo
1997,Porsche,911
1997,Porsche,Boxster
1997,Land Rover,Range Rover
1997,Land Rover,Defender
1997,Land Rover,Discovery
1997,Land Rover,Defender 90
1997,Dodge,Stratus
1997,Dodge,Avenger
1997,Dodge,Caravan
1997,Dodge,Dakota Club
1997,Dodge,Dakota
1997,Dodge,Grand Caravan
1997,Dodge,Intrepid
1997,Dodge,Neon
1997,Dodge,Ram 1500 Club
1997,Dodge,Ram 1500
1997,Dodge,Ram 2500 Club
1997,Dodge,Ram 2500
1997,Dodge,Ram 3500 Club
1997,Dodge,Ram 3500
1997,Dodge,Ram Van 1500
1997,Dodge,Ram Van 2500
1997,Dodge,Ram Van 3500
1997,Dodge,Viper
1997,GMC,1500
1997,GMC,2500
1997,GMC,3500
1997,GMC,1500 Club Coupe
1997,GMC,2500 Club Coupe
1997,GMC,3500 Club Coupe
1997,GMC,Jimmy
1997,GMC,Safari
1997,GMC,Savana 1500
1997,GMC,Savana 2500
1997,GMC,Savana 3500
1997,GMC,Sonoma Club Coupe
1997,GMC,Sonoma
1997,GMC,Suburban 1500
1997,GMC,Suburban 2500
1997,GMC,Yukon
1997,HUMMER,H1
1997,Jaguar,XJ Series
1997,Jaguar,XK Series
1997,Volvo,850
1997,Volvo,960
1997,Volvo,S90
1997,Volvo,V90
1998,Porsche,911
1998,Porsche,Boxster
1998,BMW,3 Series
1998,BMW,5 Series
1998,BMW,7 Series
1998,BMW,M3
1998,BMW,Z3
1998,Lamborghini,Diablo
1998,Land Rover,Discovery
1998,Land Rover,Range Rover
1998,Dodge,Intrepid
1998,Dodge,Avenger
1998,Dodge,Caravan
1998,Dodge,Dakota Club
1998,Dodge,Dakota
1998,Dodge,Durango
1998,Dodge,Grand Caravan
1998,Dodge,Neon
1998,Dodge,Ram 1500 Club
1998,Dodge,Ram 1500
1998,Dodge,Ram 2500 Club
1998,Dodge,Ram 2500
1998,Dodge,Ram 3500
1998,Dodge,Ram Van 1500
1998,Dodge,Ram Van 2500
1998,Dodge,Ram Van 3500
1998,Dodge,Stratus
1998,Dodge,Viper
1998,GMC,1500
1998,GMC,2500
1998,GMC,3500
1998,GMC,1500 Club Coupe
1998,GMC,2500 Club Coupe
1998,GMC,3500 Club Coupe
1998,GMC,Envoy
1998,GMC,Jimmy
1998,GMC,Safari
1998,GMC,Savana 1500
1998,GMC,Savana 2500
1998,GMC,Savana 3500
1998,GMC,Sonoma Club Coupe
1998,GMC,Sonoma
1998,GMC,Suburban 1500
1998,GMC,Suburban 2500
1998,GMC,Yukon
1998,HUMMER,H1
1998,Jaguar,XJ Series
1998,Jaguar,XK Series
1998,Volvo,C70
1998,Volvo,S70
1998,Volvo,S90
1998,Volvo,V70
1998,Volvo,V90
1999,Porsche,911
1999,Porsche,Boxster
1999,Lamborghini,Diablo
1999,Land Rover,Range Rover
1999,Land Rover,Discovery
1999,Land Rover,Discovery Series II
1999,Dodge,Charger
1999,Dodge,Intrepid
1999,Dodge,Avenger
1999,Dodge,Caravan
1999,Dodge,Dakota Club
1999,Dodge,Dakota
1999,Dodge,Durango
1999,Dodge,Grand Caravan
1999,Dodge,Neon
1999,Dodge,Ram 1500 Club
1999,Dodge,Ram 1500
1999,Dodge,Ram 2500 Club
1999,Dodge,Ram 2500
1999,Dodge,Ram 3500
1999,Dodge,Ram Van 1500
1999,Dodge,Ram Van 2500
1999,Dodge,Ram Van 3500
1999,Dodge,Stratus
1999,Dodge,Viper
1999,BMW,3 Series
1999,BMW,5 Series
1999,BMW,7 Series
1999,BMW,Z3
1999,BMW,M3
1999,GMC,2500
1999,GMC,3500
1999,GMC,EV1
1999,GMC,1500 Club Coupe
1999,GMC,Envoy
1999,GMC,Jimmy
1999,GMC,Safari
1999,GMC,Savana 1500
1999,GMC,Savana 2500
1999,GMC,Savana 3500
1999,GMC,Sierra 1500
1999,GMC,Sierra 2500
1999,GMC,Sonoma
1999,GMC,Suburban 1500
1999,GMC,Suburban 2500
1999,GMC,Yukon
1999,HUMMER,H1
1999,Jaguar,XJ Series
1999,Jaguar,XK Series
1999,Volvo,C70
1999,Volvo,S70
1999,Volvo,S80
1999,Volvo,V70
2000,Porsche,911
2000,Porsche,Boxster
2000,BMW,3 Series
2000,BMW,5 Series
2000,BMW,7 Series
2000,BMW,X5
2000,BMW,M
2000,BMW,M5
2000,BMW,Z3
2000,BMW,Z8
2000,Lamborghini,Diablo
2000,Land Rover,Range Rover
2000,Land Rover,Discovery
2000,Land Rover,Discovery Series II
2000,Dodge,Avenger
2000,Dodge,Caravan
2000,Dodge,Dakota Club
2000,Dodge,Dakota
2000,Dodge,Durango
2000,Dodge,Grand Caravan
2000,Dodge,Intrepid
2000,Dodge,Neon
2000,Dodge,Ram 1500 Club
2000,Dodge,Ram 1500
2000,Dodge,Ram 2500
2000,Dodge,Ram 3500
2000,Dodge,Ram Van 1500
2000,Dodge,Ram Van 2500
2000,Dodge,Ram Van 3500
2000,Dodge,Stratus
2000,Dodge,Viper
2000,GMC,Envoy
2000,GMC,Jimmy
2000,GMC,Safari
2000,GMC,Savana 1500
2000,GMC,Savana 2500
2000,GMC,Savana 3500
2000,GMC,Sierra 2500
2000,GMC,Sierra 3500
2000,GMC,Sierra 1500
2000,GMC,Sonoma
2000,GMC,Yukon
2000,GMC,Yukon Denali
2000,GMC,Yukon XL 1500
2000,GMC,Yukon XL 2500
2000,HUMMER,H1
2000,Jaguar,S-Type
2000,Jaguar,XJ Series
2000,Jaguar,XK Series
2000,Volvo,C70
2000,Volvo,S40
2000,Volvo,S70
2000,Volvo,S80
2000,Volvo,V40
2000,Volvo,V70
2001,Lamborghini,Diablo
2001,Porsche,911
2001,Porsche,Boxster
2001,Land Rover,Discovery
2001,Land Rover,Range Rover
2001,Land Rover,Freelander
2001,Land Rover,Discovery Series II
2001,BMW,3 Series
2001,BMW,5 Series
2001,BMW,7 Series
2001,BMW,525
2001,BMW,530
2001,BMW,X5
2001,BMW,M
2001,BMW,M3
2001,BMW,M5
2001,BMW,Z3
2001,BMW,Z8
2001,Dodge,Caravan
2001,Dodge,Dakota Club
2001,Dodge,Dakota
2001,Dodge,Durango
2001,Dodge,Grand Caravan
2001,Dodge,Intrepid
2001,Dodge,Neon
2001,Dodge,Ram 1500 Club
2001,Dodge,Ram 1500
2001,Dodge,Ram 2500
2001,Dodge,Ram 3500
2001,Dodge,Ram Van 1500
2001,Dodge,Ram Van 2500
2001,Dodge,Ram Van 3500
2001,Dodge,Stratus
2001,Dodge,Viper
2001,GMC,Jimmy
2001,GMC,Safari
2001,GMC,Savana 1500
2001,GMC,Savana 2500
2001,GMC,Savana 3500
2001,GMC,Sierra 1500
2001,GMC,Sierra 2500
2001,GMC,Sierra 3500
2001,GMC,Sonoma
2001,GMC,Yukon
2001,GMC,Yukon XL 1500
2001,GMC,Yukon XL 2500
2001,HUMMER,H1
2001,Jaguar,S-Type
2001,Jaguar,XJ Series
2001,Jaguar,XK Series
2001,Volvo,C70
2001,Volvo,S40
2001,Volvo,S60
2001,Volvo,S80
2001,Volvo,V40
2001,Volvo,V70
2002,Land Rover,Range Rover
2002,Land Rover,Discovery
2002,Land Rover,Freelander
2002,Land Rover,Discovery Series II
2002,Lamborghini,Murciélago
2002,BMW,3 Series
2002,BMW,5 Series
2002,BMW,7 Series
2002,BMW,525
2002,BMW,530
2002,BMW,745
2002,BMW,M3
2002,BMW,X5
2002,BMW,M
2002,BMW,M5
2002,BMW,Z3
2002,BMW,Z8
2002,Maserati,Spyder
2002,Porsche,911
2002,Porsche,Boxster
2002,GMC,Envoy
2002,GMC,Envoy XL
2002,GMC,Safari
2002,GMC,Savana 1500
2002,GMC,Savana 2500
2002,GMC,Savana 3500
2002,GMC,Sierra 1500
2002,GMC,Sierra 2500
2002,GMC,Sierra 3500
2002,GMC,Sonoma
2002,GMC,Yukon
2002,GMC,Yukon XL 1500
2002,GMC,Yukon XL 2500
2002,Dodge,Caravan
2002,Dodge,Dakota Club
2002,Dodge,Dakota
2002,Dodge,Durango
2002,Dodge,Grand Caravan
2002,Dodge,Intrepid
2002,Dodge,Neon
2002,Dodge,Ram 1500
2002,Dodge,Ram 2500
2002,Dodge,Ram 3500
2002,Dodge,Ram Van 1500
2002,Dodge,Ram Van 2500
2002,Dodge,Ram Van 3500
2002,Dodge,Stratus
2002,Dodge,Viper
2002,HUMMER,H1
2002,Jaguar,S-Type
2002,Jaguar,XJ Series
2002,Jaguar,XK Series
2002,Jaguar,X-Type
2002,Volvo,C70
2002,Volvo,S40
2002,Volvo,S60
2002,Volvo,S80
2002,Volvo,V40
2002,Volvo,V70
2003,BMW,3 Series
2003,BMW,5 Series
2003,BMW,7 Series
2003,BMW,525
2003,BMW,530
2003,BMW,745
2003,BMW,760
2003,BMW,Z4
2003,BMW,X5
2003,BMW,M3
2003,BMW,M5
2003,BMW,Z8
2003,Porsche,911
2003,Porsche,Cayenne
2003,Porsche,Boxster
2003,Maserati,Spyder
2003,Lamborghini,Gallardo
2003,Lamborghini,Murciélago
2003,Land Rover,Discovery
2003,Land Rover,Freelander
2003,Land Rover,Range Rover
2003,Volvo,XC90
2003,Volvo,C70
2003,Volvo,S40
2003,Volvo,S60
2003,Volvo,S80
2003,Volvo,V40
2003,Volvo,V70
2003,Volvo,XC70
2003,Dodge,Ram
2003,Dodge,Caravan
2003,Dodge,Dakota Club
2003,Dodge,Dakota
2003,Dodge,Durango
2003,Dodge,Grand Caravan
2003,Dodge,Intrepid
2003,Dodge,Neon
2003,Dodge,Ram 1500
2003,Dodge,Ram 2500
2003,Dodge,Ram 3500
2003,Dodge,Ram Van 1500
2003,Dodge,Ram Van 2500
2003,Dodge,Ram Van 3500
2003,Dodge,Stratus
2003,Dodge,Viper
2003,GMC,Envoy
2003,GMC,Envoy XL
2003,GMC,Safari
2003,GMC,Savana 1500
2003,GMC,Savana 2500
2003,GMC,Savana 3500
2003,GMC,Sierra 1500
2003,GMC,Sierra 2500
2003,GMC,Sierra 3500
2003,GMC,Sonoma
2003,GMC,Yukon
2003,GMC,Yukon XL 1500
2003,GMC,Yukon XL 2500
2003,HUMMER,H1
2003,HUMMER,H2
2003,Jaguar,S-Type
2003,Jaguar,XJ Series
2003,Jaguar,XK Series
2003,Jaguar,X-Type
2004,Porsche,911
2004,Porsche,Cayenne
2004,Porsche,Boxster
2004,Porsche,Carrera GT
2004,BMW,3 Series
2004,BMW,5 Series
2004,BMW,6 Series
2004,BMW,7 Series
2004,BMW,325
2004,BMW,525
2004,BMW,530
2004,BMW,545
2004,BMW,645
2004,BMW,745
2004,BMW,760
2004,BMW,X3
2004,BMW,X5
2004,BMW,Z4
2004,BMW,M3
2004,Maserati,Spyder
2004,Lamborghini,Gallardo
2004,Lamborghini,Murciélago
2004,Land Rover,Range Rover
2004,Land Rover,Freelander
2004,Land Rover,Discovery
2004,Dodge,Caravan
2004,Dodge,Dakota Club
2004,Dodge,Dakota
2004,Dodge,Durango
2004,Dodge,Grand Caravan
2004,Dodge,Intrepid
2004,Dodge,Neon
2004,Dodge,Ram 1500
2004,Dodge,Ram 2500
2004,Dodge,Ram 3500
2004,Dodge,Stratus
2004,Dodge,Viper
2004,GMC,Canyon
2004,GMC,Envoy
2004,GMC,Envoy XL
2004,GMC,Envoy XUV
2004,GMC,Safari
2004,GMC,Savana 1500
2004,GMC,Savana 2500
2004,GMC,Savana 3500
2004,GMC,Sierra 1500
2004,GMC,Sierra 2500
2004,GMC,Sierra 3500
2004,GMC,Sonoma
2004,GMC,Yukon
2004,GMC,Yukon XL 1500
2004,GMC,Yukon XL 2500
2004,HUMMER,H1
2004,HUMMER,H2
2004,Jaguar,S-Type
2004,Jaguar,XJ Series
2004,Jaguar,XK Series
2004,Jaguar,X-Type
2004,Volvo,C70
2004,Volvo,S40
2004,Volvo,S60
2004,Volvo,S80
2004,Volvo,V40
2004,Volvo,V70
2004,Volvo,XC70
2004,Volvo,XC90
2005,Porsche,911
2005,Porsche,Cayenne
2005,Porsche,Boxster
2005,Porsche,Carrera GT
2005,BMW,3 Series
2005,BMW,5 Series
2005,BMW,6 Series
2005,BMW,7 Series
2005,BMW,325
2005,BMW,330
2005,BMW,525
2005,BMW,530
2005,BMW,545
2005,BMW,645
2005,BMW,745
2005,BMW,760
2005,BMW,Z4
2005,BMW,M3
2005,BMW,X3
2005,BMW,X5
2005,Maserati,Spyder
2005,Maserati,Gran Sport
2005,Maserati,Quattroporte
2005,Maserati,Coupe
2005,Maserati,GranSport
2005,Land Rover,Discovery
2005,Land Rover,Freelander
2005,Land Rover,Range Rover
2005,Land Rover,LR3
2005,Lamborghini,Murciélago
2005,Lamborghini,Gallardo
2005,Dodge,Magnum
2005,Dodge,Caravan
2005,Dodge,Dakota Club
2005,Dodge,Dakota
2005,Dodge,Durango
2005,Dodge,Grand Caravan
2005,Dodge,Neon
2005,Dodge,Ram 1500
2005,Dodge,Ram 2500
2005,Dodge,Ram 3500
2005,Dodge,Stratus
2005,Dodge,Viper
2005,Aston Martin,DB9
2005,Aston Martin,Vanquish S
2005,Bentley,Arnage
2005,Bentley,Continental
2005,GMC,Canyon
2005,GMC,Envoy
2005,GMC,Envoy XL
2005,GMC,Envoy XUV
2005,GMC,Safari
2005,GMC,Savana 1500
2005,GMC,Savana 2500
2005,GMC,Savana 3500
2005,GMC,Sierra 1500
2005,GMC,Sierra 2500
2005,GMC,Sierra 3500
2005,GMC,Yukon
2005,GMC,Yukon XL 1500
2005,GMC,Yukon XL 2500
2005,HUMMER,H2
2005,Jaguar,S-Type
2005,Jaguar,XJ Series
2005,Jaguar,XK Series
2005,Jaguar,X-Type
2005,Rolls-Royce,Phantom
2005,Volvo,S40
2005,Volvo,S60
2005,Volvo,S80
2005,Volvo,V50
2005,Volvo,V70
2005,Volvo,XC70
2005,Volvo,XC90
2006,GMC,Sierra Denali
2006,GMC,Yukon Denali
2006,GMC,Sierra 3500HD
2006,GMC,Sierra 1500
2006,GMC,Sierra 2500HD
2006,GMC,Yukon XL
2006,GMC,Envoy
2006,GMC,Canyon
2006,GMC,Savana Cargo Van
2006,GMC,Sierra Hybrid
2006,GMC,Yukon
2006,GMC,Savana
2006,GMC,Envoy XL
2006,GMC,Savana 1500
2006,GMC,Savana 2500
2006,GMC,Savana 3500
2006,GMC,Sierra 2500
2006,GMC,Sierra 3500
2006,GMC,Yukon XL 1500
2006,GMC,Yukon XL 2500
2006,Bentley,Arnage
2006,Bentley,Azure
2006,Bentley,Continental GT
2006,Bentley,Continental Flying Spur
2006,Bentley,Continental
2006,BMW,3 Series
2006,BMW,5 Series
2006,BMW,6 Series
2006,BMW,7 Series
2006,BMW,325
2006,BMW,330
2006,BMW,525
2006,BMW,530
2006,BMW,550
2006,BMW,650
2006,BMW,750
2006,BMW,760
2006,BMW,M3
2006,BMW,M5
2006,BMW,M6
2006,BMW,X3
2006,BMW,X5
2006,BMW,Z4
2006,BMW,M Roadster
2006,BMW,Z4 M
2006,Jaguar,XK
2006,Jaguar,X-Type
2006,Jaguar,XJ
2006,Jaguar,S-Type
2006,Land Rover,Range Rover Sport
2006,Land Rover,Discovery
2006,Land Rover,Range Rover
2006,Land Rover,LR3
2006,Volvo,V50
2006,Volvo,XC90
2006,Volvo,XC70
2006,Volvo,S40
2006,Volvo,C70
2006,Volvo,V70
2006,Volvo,S80
2006,Volvo,S60
2006,Porsche,911
2006,Porsche,Cayenne
2006,Porsche,Cayman
2006,Porsche,Boxster
2006,HUMMER,H1
2006,HUMMER,H2
2006,Dodge,Ram 3500
2006,Dodge,Sprinter
2006,Dodge,Viper
2006,Dodge,Charger
2006,Dodge,Dakota
2006,Dodge,Magnum
2006,Dodge,Durango
2006,Dodge,Caravan
2006,Dodge,Ram 2500
2006,Dodge,Ram 1500
2006,Dodge,Dakota Club
2006,Dodge,Grand Caravan
2006,Dodge,Stratus
2006,Aston Martin,DB9 Volante
2006,Aston Martin,V8 Vantage
2006,Aston Martin,DB9
2006,Aston Martin,Vanquish S
2006,Aston Martin,Vantage
2006,Lamborghini,Gallardo
2006,Lamborghini,Murciélago
2006,Ferrari,F430
2006,Ferrari,612 Scaglietti
2006,Ferrari,F430 Spider
2006,Maserati,Quattroporte
2006,Maserati,Gran Sport
2006,Maserati,Coupe
2006,Maserati,GranSport
2006,Rolls-Royce,Phantom
2007,BMW,3 Series
2007,BMW,5 Series
2007,BMW,6 Series
2007,BMW,7 Series
2007,BMW,530
2007,BMW,M6
2007,BMW,M Roadster
2007,BMW,M5
2007,BMW,X3
2007,BMW,X5
2007,BMW,Alpina B7
2007,BMW,Z4 M
2007,Dodge,Ram
2007,Dodge,Charger
2007,Dodge,Magnum
2007,Dodge,Dakota
2007,Dodge,Caravan
2007,Dodge,Nitro
2007,Dodge,Caliber
2007,Dodge,Durango
2007,Dodge,Dakota Club
2007,Dodge,Grand Caravan
2007,Dodge,Ram 1500
2007,Dodge,Ram 2500
2007,Dodge,Ram 3500
2007,Jaguar,XK
2007,Jaguar,X-Type
2007,Jaguar,S-Type
2007,Jaguar,XJ
2007,Aston Martin,V8 Vantage
2007,Aston Martin,DB9
2007,Aston Martin,Vantage
2007,GMC,Savana
2007,GMC,Acadia
2007,GMC,Envoy
2007,GMC,Sierra
2007,GMC,Yukon
2007,GMC,Canyon
2007,GMC,Savana 1500
2007,GMC,Savana 2500
2007,GMC,Savana 3500
2007,GMC,Sierra 1500
2007,GMC,Sierra 2500
2007,GMC,Sierra 3500
2007,GMC,Yukon XL 1500
2007,GMC,Yukon XL 2500
2007,Ferrari,F430
2007,Ferrari,599 GTB Fiorano
2007,Ferrari,612 Scaglietti
2007,Volvo,V70
2007,Volvo,S40
2007,Volvo,S60
2007,Volvo,S80
2007,Volvo,XC70
2007,Volvo,C70
2007,Volvo,V50
2007,Volvo,XC90
2007,Porsche,911
2007,Porsche,Boxster
2007,Porsche,Cayman
2007,Bentley,Continental GT
2007,Bentley,Azure
2007,Bentley,Continental GTC
2007,Bentley,Continental Flying Spur
2007,Bentley,Arnage
2007,Bentley,Continental
2007,Lamborghini,Gallardo
2007,Lamborghini,Murciélago
2007,Land Rover,Range Rover Sport
2007,Land Rover,Range Rover
2007,Land Rover,Discovery
2007,Land Rover,LR3
2007,Maserati,Quattroporte
2007,Rolls-Royce,Phantom
2008,Volvo,S80
2008,Volvo,XC70
2008,Volvo,C70
2008,Volvo,V50
2008,Volvo,C30
2008,Volvo,XC90
2008,Volvo,S60
2008,Volvo,S40
2008,Volvo,V70
2008,Rolls-Royce,Phantom
2008,BMW,1 Series
2008,BMW,3 Series
2008,BMW,5 Series
2008,BMW,6 Series
2008,BMW,7 Series
2008,BMW,M3
2008,BMW,M Roadster
2008,BMW,M5
2008,BMW,M6
2008,BMW,X5
2008,BMW,Z4
2008,BMW,X3
2008,BMW,X6
2008,BMW,Alpina B7
2008,BMW,Z4 M
2008,Porsche,911
2008,Porsche,Boxster
2008,Porsche,Cayman
2008,Porsche,Cayenne
2008,GMC,Canyon
2008,GMC,Sierra
2008,GMC,Savana
2008,GMC,Acadia
2008,GMC,Yukon
2008,GMC,Envoy
2008,GMC,Savana 1500
2008,GMC,Savana 2500
2008,GMC,Savana 3500
2008,GMC,Sierra 1500
2008,GMC,Sierra 2500
2008,GMC,Sierra 3500
2008,GMC,Yukon XL 1500
2008,GMC,Yukon XL 2500
2008,Bentley,Continental GTC
2008,Bentley,Arnage
2008,Bentley,Continental Flying Spur
2008,Bentley,Continental GT
2008,Bentley,Azure
2008,Bentley,Continental
2008,Land Rover,Freelander
2008,Land Rover,Discovery
2008,Land Rover,Range Rover
2008,Land Rover,Range Rover Sport
2008,Land Rover,LR2
2008,Land Rover,LR3
2008,Lamborghini,Reventón
2008,Lamborghini,Murciélago
2008,Lamborghini,Gallardo
2008,Lamborghini,Murciélago LP640
2008,Dodge,Ram
2008,Dodge,Nitro
2008,Dodge,Sprinter
2008,Dodge,Avenger
2008,Dodge,Dakota
2008,Dodge,Charger
2008,Dodge,Viper
2008,Dodge,Challenger
2008,Dodge,Caliber
2008,Dodge,Caravan
2008,Dodge,Magnum
2008,Dodge,Durango
2008,Dodge,Grand Caravan
2008,Dodge,Ram 1500
2008,Dodge,Ram 2500
2008,Dodge,Ram 3500
2008,Aston Martin,DB9
2008,Aston Martin,DBS
2008,Aston Martin,V8 Vantage
2008,Aston Martin,Vantage
2008,Jaguar,XK
2008,Jaguar,S-Type
2008,Jaguar,X-Type
2008,Jaguar,XJ
2008,Ferrari,599 GTB Fiorano
2008,Ferrari,F430
2008,Ferrari,430 Scuderia
2008,Ferrari,612 Scaglietti
2008,Maserati,GranTurismo
2008,Maserati,Quattroporte
2009,HUMMER,H3T
2009,BMW,1 Series
2009,BMW,3 Series
2009,BMW,5 Series
2009,BMW,6 Series
2009,BMW,7 Series
2009,BMW,Z4 M Roadster
2009,BMW,Z4 M
2009,BMW,M3
2009,BMW,M5
2009,BMW,M6
2009,BMW,X3
2009,BMW,X6
2009,BMW,X5
2009,BMW,Z4
2009,GMC,Sierra
2009,GMC,Savana
2009,GMC,Yukon
2009,GMC,Canyon
2009,GMC,Acadia
2009,GMC,Envoy
2009,GMC,Savana 1500
2009,GMC,Savana 2500
2009,GMC,Savana 3500
2009,GMC,Sierra 1500
2009,GMC,Sierra 2500
2009,GMC,Sierra 3500
2009,GMC,Yukon XL 1500
2009,GMC,Yukon XL 2500
2009,Volvo,V70
2009,Volvo,XC60
2009,Volvo,C30
2009,Volvo,S80
2009,Volvo,XC70
2009,Volvo,S40
2009,Volvo,XC90
2009,Volvo,S60
2009,Volvo,V50
2009,Volvo,C70
2009,Lamborghini,Gallardo
2009,Lamborghini,Murciélago
2009,Ferrari,612 Scaglietti
2009,Ferrari,430 Scuderia
2009,Ferrari,California
2009,Ferrari,599 GTB Fiorano
2009,Ferrari,F430
2009,Dodge,Challenger
2009,Dodge,Charger
2009,Dodge,Ram
2009,Dodge,Caliber
2009,Dodge,Nitro
2009,Dodge,Durango
2009,Dodge,Journey
2009,Dodge,Sprinter
2009,Dodge,Avenger
2009,Dodge,Viper
2009,Dodge,Caravan
2009,Dodge,Dakota
2009,Dodge,Grand Caravan
2009,Dodge,Ram 1500
2009,Dodge,Ram 2500
2009,Dodge,Ram 3500
2009,Land Rover,Range Rover
2009,Land Rover,Freelander
2009,Land Rover,Range Rover Sport
2009,Land Rover,LR2
2009,Land Rover,LR3
2009,Bentley,Continental GT
2009,Bentley,Arnage
2009,Bentley,Brooklands
2009,Bentley,Azure
2009,Bentley,Continental GTC
2009,Bentley,Continental Flying Spur
2009,Bentley,Continental
2009,Jaguar,XJ
2009,Jaguar,XK
2009,Jaguar,XF
2009,Maserati,Quattroporte
2009,Maserati,GranTurismo
2009,Porsche,911
2009,Porsche,Cayenne
2009,Porsche,Boxster
2009,Porsche,Cayman
2009,Rolls-Royce,Phantom
2009,Bugatti,Veyron
2009,Aston Martin,DBS
2009,Aston Martin,V8 Vantage
2009,Aston Martin,DB9
2009,Aston Martin,Vantage
2010,BMW,1 Series
2010,BMW,3 Series
2010,BMW,5 Series
2010,BMW,6 Series
2010,BMW,7 Series
2010,BMW,M3
2010,BMW,X6
2010,BMW,M6
2010,BMW,Z4
2010,BMW,X3
2010,BMW,X5
2010,BMW,M5
2010,BMW,X5 M
2010,BMW,X6 M
2010,Aston Martin,Rapide
2010,Aston Martin,V8 Vantage
2010,Aston Martin,DBS
2010,Aston Martin,DB9
2010,Aston Martin,Vantage
2010,Porsche,911
2010,Porsche,Panamera
2010,Porsche,Cayman
2010,Porsche,Cayenne
2010,Porsche,Boxster
2010,Land Rover,Freelander
2010,Land Rover,Range Rover Sport
2010,Land Rover,Discovery
2010,Land Rover,Range Rover
2010,Land Rover,LR2
2010,Land Rover,LR4
2010,Rolls-Royce,Phantom
2010,Rolls-Royce,Ghost
2010,Dodge,Caravan
2010,Dodge,Viper
2010,Dodge,Charger
2010,Dodge,Journey
2010,Dodge,Caliber
2010,Dodge,Ram
2010,Dodge,Challenger
2010,Dodge,Nitro
2010,Dodge,Avenger
2010,Dodge,Dakota
2010,Dodge,Grand Caravan
2010,Dodge,Ram 1500
2010,Dodge,Ram 2500
2010,Dodge,Ram 3500
2010,Ferrari,458 Italia
2010,Ferrari,California
2010,Ferrari,612 Scaglietti
2010,Ferrari,599 GTB Fiorano
2010,Maserati,Quattroporte
2010,Maserati,GranTurismo
2010,Volvo,C30
2010,Volvo,S40
2010,Volvo,V50
2010,Volvo,XC90
2010,Volvo,S60
2010,Volvo,C70
2010,Volvo,XC70
2010,Volvo,S80
2010,Volvo,XC60
2010,Volvo,V70
2010,GMC,Savana
2010,GMC,Sierra
2010,GMC,Canyon
2010,GMC,Terrain
2010,GMC,Yukon
2010,GMC,Acadia
2010,GMC,Savana 1500
2010,GMC,Savana 2500
2010,GMC,Savana 3500
2010,GMC,Sierra 1500
2010,GMC,Sierra 2500
2010,GMC,Sierra 3500
2010,GMC,Yukon XL 1500
2010,GMC,Yukon XL 2500
2010,Jaguar,XF
2010,Jaguar,XK
2010,Jaguar,XJ
2010,Bentley,Brooklands
2010,Bentley,Azure
2010,Bentley,Continental Flying Spur
2010,Bentley,Continental Super
2010,Bentley,Continental GT
2010,Bentley,Continental GTC
2010,Bentley,Azure T
2010,Bentley,Continental
2010,Lamborghini,Gallardo
2010,Lamborghini,Murciélago
2010,Tesla,Roadster
2010,Land Rover,Defender Ice Edition
2010,HUMMER,H3
2010,HUMMER,H3T
2011,Jaguar,XJ
2011,Jaguar,XK
2011,Jaguar,XF
2011,BMW,1 Series
2011,BMW,3 Series
2011,BMW,5 Series
2011,BMW,7 Series
2011,BMW,X6
2011,BMW,M3
2011,BMW,X3
2011,BMW,X5
2011,BMW,Z4
2011,BMW,X5 M
2011,BMW,X6 M
2011,Dodge,Challenger
2011,Dodge,Ram
2011,Dodge,Journey
2011,Dodge,Avenger
2011,Dodge,Durango
2011,Dodge,Dakota
2011,Dodge,Caliber
2011,Dodge,Nitro
2011,Dodge,Caravan
2011,Dodge,Charger
2011,Dodge,Grand Caravan
2011,GMC,Sierra
2011,GMC,Yukon
2011,GMC,Canyon
2011,GMC,Savana
2011,GMC,Acadia
2011,GMC,Terrain
2011,GMC,Savana 1500
2011,GMC,Savana 2500
2011,GMC,Savana 3500
2011,GMC,Sierra 1500
2011,GMC,Sierra 2500
2011,GMC,Sierra 3500
2011,GMC,Yukon XL 1500
2011,GMC,Yukon XL 2500
2011,Aston Martin,V8 Vantage S
2011,Aston Martin,V8 Vantage
2011,Aston Martin,Rapide
2011,Aston Martin,DBS
2011,Aston Martin,V12 Vantage
2011,Aston Martin,Virage
2011,Aston Martin,DB9
2011,Aston Martin,Vantage
2011,Bentley,Mulsanne
2011,Bentley,Continental Super
2011,Bentley,Continental GTC
2011,Bentley,Continental Flying Spur
2011,Bentley,Continental
2011,Porsche,911
2011,Porsche,Cayenne
2011,Porsche,Panamera
2011,Porsche,Boxster
2011,Porsche,Cayman
2011,Land Rover,Freelander
2011,Land Rover,Range Rover Sport
2011,Land Rover,Range Rover
2011,Land Rover,Discovery
2011,Land Rover,LR2
2011,Land Rover,LR4
2011,Volvo,C30
2011,Volvo,V50
2011,Volvo,XC90
2011,Volvo,S60
2011,Volvo,XC60
2011,Volvo,XC70
2011,Volvo,C70
2011,Volvo,S80
2011,Volvo,S40
2011,Rolls-Royce,Phantom
2011,Rolls-Royce,Ghost
2011,Maserati,GranTurismo
2011,Maserati,Quattroporte
2011,Ferrari,458 Italia
2011,Bugatti,Veyron
2011,Lamborghini,Gallardo
2011,Tesla,Roadster
2012,Porsche,911
2012,Porsche,Cayenne
2012,Porsche,Panamera
2012,Porsche,Boxster
2012,Porsche,Cayman
2012,Land Rover,Range Rover
2012,Land Rover,Discovery
2012,Land Rover,Range Rover Sport
2012,Land Rover,Range Rover Evoque
2012,Land Rover,LR2
2012,Land Rover,LR4
2012,GMC,Canyon
2012,GMC,Yukon
2012,GMC,Sierra
2012,GMC,Acadia
2012,GMC,Terrain
2012,GMC,Savana
2012,GMC,Savana 1500
2012,GMC,Savana 2500
2012,GMC,Savana 3500
2012,GMC,Sierra 1500
2012,GMC,Sierra 2500
2012,GMC,Sierra 3500
2012,GMC,Yukon XL 1500
2012,GMC,Yukon XL 2500
2012,Volvo,C30
2012,Volvo,XC70
2012,Volvo,XC60
2012,Volvo,XC90
2012,Volvo,C70
2012,Volvo,S80
2012,Volvo,S60
2012,BMW,1 Series
2012,BMW,3 Series
2012,BMW,5 Series
2012,BMW,6 Series
2012,BMW,7 Series
2012,BMW,M3
2012,BMW,X3
2012,BMW,X5
2012,BMW,X5 M
2012,BMW,X6
2012,BMW,X6 M
2012,BMW,Z4
2012,Aston Martin,DBS
2012,Aston Martin,DB9
2012,Aston Martin,V12 Vantage
2012,Aston Martin,Virage
2012,Aston Martin,V8 Vantage
2012,Aston Martin,Rapide
2012,Aston Martin,V8 Vantage S
2012,Dodge,Avenger
2012,Dodge,Caravan
2012,Dodge,Charger
2012,Dodge,Challenger
2012,Dodge,Caliber
2012,Dodge,Durango
2012,Dodge,Journey
2012,Dodge,Grand Caravan
2012,Ferrari,458 Italia
2012,Ferrari,FF
2012,Jaguar,XF
2012,Jaguar,XK
2012,Jaguar,XJ
2012,Lamborghini,Gallardo
2012,Lamborghini,Aventador
2012,Tesla,Model S
2012,Tesla,Roadster
2012,Bentley,Continental GT
2012,Bentley,Mulsanne
2012,Bentley,Continental GTC
2012,Bentley,Continental Flying Spur
2012,Bentley,Continental Super
2012,Bentley,Continental
2012,Rolls-Royce,Ghost
2012,Rolls-Royce,Phantom
2012,Maserati,GranTurismo
2012,Maserati,Quattroporte
2012,McLaren,MP4-12C
2013,BMW,X5
2013,BMW,X5 M
2013,BMW,X6
2013,BMW,X6 M
2013,GMC,Sierra 1500
2013,GMC,Yukon
2013,GMC,Yukon XL 1500
2013,GMC,Yukon XL 2500
2013,Jaguar,XK Series
2013,Porsche,911
2013,Porsche,Boxster
2013,Porsche,Cayenne
2013,Porsche,Panamera
2013,Rolls-Royce,Phantom
2013,Volvo,C30
2013,Volvo,C70
2013,Volvo,S60
2013,Volvo,XC90
2013,Volvo,S80
2013,Volvo,XC60
2013,Volvo,XC70
2013,Volvo,XC90
2014,Aston Martin,DB9
2014,Aston Martin,Rapide S
2014,Aston Martin,Vanquish
2014,Aston Martin,Vantage
2014,Bentley,Continental
2014,Bentley,Flying Spur
2014,Bentley,Mulsanne
2014,BMW,2 Series
2014,BMW,3 Series
2014,BMW,4 Series
2014,BMW,5 Series
2014,BMW,6 Series
2014,BMW,7 Series
2014,BMW,i3
2014,BMW,i8
2014,BMW,M5
2014,BMW,M6
2014,BMW,X1
2014,BMW,X3
2014,BMW,X5
2014,BMW,X6
2014,BMW,X6 M
2014,BMW,Z4
2014,Dodge,Avenger
2014,Dodge,Challenger
2014,Dodge,Charger
2014,Dodge,Dart
2014,Dodge,Durango
2014,Dodge,Grand Caravan Passenger
2014,Dodge,Journey
2014,Ferrari,458 Italia
2014,Ferrari,458 Speciale
2014,Ferrari,458 Spider
2014,Ferrari,California
2014,Ferrari,F12berlinetta
2014,Ferrari,FF
2014,GMC,Acadia
2014,GMC,Savana 1500 Cargo
2014,GMC,Savana 1500 Passenger
2014,GMC,Savana 2500 Cargo
2014,GMC,Savana 2500 Passenger
2014,GMC,Savana 3500 Cargo
2014,GMC,Savana 3500 Passenger
2014,GMC,Sierra 1500 Crew Cab
2014,GMC,Sierra 1500 Double Cab
2014,GMC,Sierra 1500 Regular Cab
2014,GMC,Sierra 2500 HD Crew Cab
2014,GMC,Sierra 2500 HD Regular Cab
2014,GMC,Sierra 3500 HD Crew Cab
2014,GMC,Sierra 3500 HD Regular Cab
2014,GMC,Terrain
2014,GMC,Yukon
2014,GMC,Yukon XL 1500
2014,Jaguar,F-TYPE
2014,Jaguar,XF
2014,Jaguar,XJ
2014,Jaguar,XK
2014,Lamborghini,Aventador
2014,Lamborghini,Gallardo
2014,Land Rover,LR2
2014,Land Rover,LR4
2014,Land Rover,Range Rover
2014,Land Rover,Range Rover Evoque
2014,Land Rover,Range Rover Sport
2014,Maserati,Ghibli
2014,Maserati,GranTurismo
2014,Maserati,Quattroporte
2014,McLaren,MP4-12C
2014,Porsche,911
2014,Porsche,Boxster
2014,Porsche,Cayenne
2014,Porsche,Cayman
2014,Porsche,Panamera
2014,Rolls-Royce,Ghost
2014,Rolls-Royce,Phantom
2014,Rolls-Royce,Wraith
2014,Tesla,Model S
2014,Volvo,S60
2014,Volvo,S80
2014,Volvo,XC60
2014,Volvo,XC70
2014,Volvo,XC90
2015,Alfa Romeo,4C
2015,Alfa Romeo,4C Spider
2015,Aston Martin,DB9
2015,Aston Martin,Rapide S
2015,Aston Martin,Vanquish
2015,Aston Martin,Vantage
2015,Bentley,Continental
2015,Bentley,Flying Spur
2015,Bentley,Mulsanne
2015,BMW,2 Series
2015,BMW,3 Series
2015,BMW,4 Series
2015,BMW,5 Series
2015,BMW,6 Series
2015,BMW,7 Series
2015,BMW,i3
2015,BMW,i8
2015,BMW,M3
2015,BMW,M4
2015,BMW,M5
2015,BMW,M6
2015,BMW,X1
2015,BMW,X3
2015,BMW,X4
2015,BMW,X5
2015,BMW,X5 M
2015,BMW,X6
2015,BMW,X6 M
2015,BMW,Z4
2015,Dodge,Challenger
2015,Dodge,Charger
2015,Dodge,Dart
2015,Dodge,Durango
2015,Dodge,Grand Caravan Passenger
2015,Dodge,Journey
2015,Dodge,Viper
2015,Ferrari,458 Italia
2015,Ferrari,458 Speciale
2015,Ferrari,458 Spider
2015,Ferrari,California
2015,Ferrari,F12berlinetta
2015,Ferrari,FF
2015,GMC,Acadia
2015,GMC,Canyon Crew Cab
2015,GMC,Canyon Extended Cab
2015,GMC,Savana 2500 Cargo
2015,GMC,Savana 2500 Passenger
2015,GMC,Savana 3500 Cargo
2015,GMC,Savana 3500 Passenger
2015,GMC,Sierra 1500 Crew Cab
2015,GMC,Sierra 1500 Double Cab
2015,GMC,Sierra 1500 Regular Cab
2015,GMC,Sierra 2500 HD Crew Cab
2015,GMC,Sierra 2500 HD Double Cab
2015,GMC,Sierra 2500 HD Regular Cab
2015,GMC,Sierra 3500 HD Crew Cab
2015,GMC,Sierra 3500 HD Double Cab
2015,GMC,Sierra 3500 HD Regular Cab
2015,GMC,Terrain
2015,GMC,Yukon
2015,GMC,Yukon XL
2015,Jaguar,F-TYPE
2015,Jaguar,XF
2015,Jaguar,XJ
2015,Jaguar,XK
2015,Lamborghini,Aventador
2015,Lamborghini,Huracan
2015,Land Rover,Discovery Sport
2015,Land Rover,LR2
2015,Land Rover,LR4
2015,Land Rover,Range Rover
2015,Land Rover,Range Rover Evoque
2015,Land Rover,Range Rover Sport
2015,Maserati,Ghibli
2015,Maserati,GranTurismo
2015,Maserati,Quattroporte
2015,McLaren,650S
2015,Porsche,911
2015,Porsche,Boxster
2015,Porsche,Cayenne
2015,Porsche,Cayman
2015,Porsche,Macan
2015,Porsche,Panamera
2015,Rolls-Royce,Ghost
2015,Rolls-Royce,Phantom
2015,Rolls-Royce,Wraith
2015,Tesla,Model S
2015,Volvo,S60
2015,Volvo,S80
2015,Volvo,V60
2015,Volvo,XC60
2015,Volvo,XC70
2016,Alfa Romeo,4C
2016,Alfa Romeo,4C Spider
2016,Aston Martin,DB9 GT
2016,Aston Martin,Rapide S
2016,Aston Martin,Vanquish
2016,Aston Martin,Vantage
2016,Bentley,Continental
2016,Bentley,Flying Spur
2016,Bentley,Mulsanne
2016,BMW,2 Series
2016,BMW,3 Series
2016,BMW,4 Series
2016,BMW,5 Series
2016,BMW,6 Series
2016,BMW,7 Series
2016,BMW,i3
2016,BMW,i8
2016,BMW,M2
2016,BMW,M3
2016,BMW,M4
2016,BMW,M5
2016,BMW,M6
2016,BMW,X1
2016,BMW,X3
2016,BMW,X4
2016,BMW,X5
2016,BMW,X5 M
2016,BMW,X6
2016,BMW,X6 M
2016,BMW,Z4
2016,Dodge,Challenger
2016,Dodge,Charger
2016,Dodge,Dart
2016,Dodge,Durango
2016,Dodge,Grand Caravan Passenger
2016,Dodge,Journey
2016,Dodge,Viper
2016,Ferrari,488 GTB
2016,Ferrari,488 Spider
2016,Ferrari,California
2016,Ferrari,F12berlinetta
2016,Ferrari,FF
2016,GMC,Acadia
2016,GMC,Canyon Crew Cab
2016,GMC,Canyon Extended Cab
2016,GMC,Savana 2500 Cargo
2016,GMC,Savana 2500 Passenger
2016,GMC,Savana 3500 Cargo
2016,GMC,Savana 3500 Passenger
2016,GMC,Sierra 1500 Crew Cab
2016,GMC,Sierra 1500 Double Cab
2016,GMC,Sierra 1500 Regular Cab
2016,GMC,Sierra 2500 HD Crew Cab
2016,GMC,Sierra 2500 HD Double Cab
2016,GMC,Sierra 2500 HD Regular Cab
2016,GMC,Sierra 3500 HD Crew Cab
2016,GMC,Sierra 3500 HD Double Cab
2016,GMC,Sierra 3500 HD Regular Cab
2016,GMC,Terrain
2016,GMC,Yukon
2016,GMC,Yukon XL
2016,Jaguar,F-TYPE
2016,Jaguar,XF
2016,Jaguar,XJ
2016,Lamborghini,Aventador
2016,Lamborghini,Huracan
2016,Land Rover,Discovery Sport
2016,Land Rover,LR4
2016,Land Rover,Range Rover
2016,Land Rover,Range Rover Evoque
2016,Land Rover,Range Rover Sport
2016,Maserati,Ghibli
2016,Maserati,GranTurismo
2016,Maserati,Quattroporte
2016,McLaren,570S
2016,McLaren,650S
2016,McLaren,675LT
2016,Porsche,911
2016,Porsche,Boxster
2016,Porsche,Cayenne
2016,Porsche,Cayman
2016,Porsche,Macan
2016,Porsche,Panamera
2016,Rolls-Royce,Dawn
2016,Rolls-Royce,Ghost
2016,Rolls-Royce,Phantom
2016,Rolls-Royce,Wraith
2016,Tesla,Model S
2016,Tesla,Model X
2016,Volvo,S60
2016,Volvo,S80
2016,Volvo,V60
2016,Volvo,XC60
2016,Volvo,XC70
2016,Volvo,XC90
2017,Alfa Romeo,4C
2017,Alfa Romeo,Giulia
2017,Aston Martin,DB11
2017,Aston Martin,Rapide S
2017,Aston Martin,Vanquish
2017,Aston Martin,Vantage
2017,Bentley,Bentayga
2017,Bentley,Continental
2017,Bentley,Flying Spur
2017,Bentley,Mulsanne
2017,BMW,2 Series
2017,BMW,3 Series
2017,BMW,4 Series
2017,BMW,5 Series
2017,BMW,6 Series
2017,BMW,7 Series
2017,BMW,i3
2017,BMW,i8
2017,BMW,M2
2017,BMW,M3
2017,BMW,M4
2017,BMW,M6
2017,BMW,X1
2017,BMW,X3
2017,BMW,X4
2017,BMW,X5
2017,BMW,X5 M
2017,BMW,X6
2017,BMW,X6 M
2017,Dodge,Challenger
2017,Dodge,Charger
2017,Dodge,Durango
2017,Dodge,Grand Caravan Passenger
2017,Dodge,Journey
2017,Dodge,Viper
2017,Ferrari,488 GTB
2017,Ferrari,488 Spider
2017,Ferrari,California
2017,Ferrari,F12berlinetta
2017,Ferrari,GTC4Lusso
2017,GMC,Acadia
2017,GMC,Acadia Limited
2017,GMC,Canyon Crew Cab
2017,GMC,Canyon Extended Cab
2017,GMC,Savana 2500 Cargo
2017,GMC,Savana 2500 Passenger
2017,GMC,Savana 3500 Cargo
2017,GMC,Savana 3500 Passenger
2017,GMC,Sierra 1500 Crew Cab
2017,GMC,Sierra 1500 Double Cab
2017,GMC,Sierra 1500 Regular Cab
2017,GMC,Sierra 2500 HD Crew Cab
2017,GMC,Sierra 2500 HD Double Cab
2017,GMC,Sierra 2500 HD Regular Cab
2017,GMC,Sierra 3500 HD Crew Cab
2017,GMC,Sierra 3500 HD Double Cab
2017,GMC,Sierra 3500 HD Regular Cab
2017,GMC,Terrain
2017,GMC,Yukon
2017,GMC,Yukon XL
2017,Jaguar,F-PACE
2017,Jaguar,F-TYPE
2017,Jaguar,XE
2017,Jaguar,XF
2017,Jaguar,XJ
2017,Lamborghini,Aventador
2017,Lamborghini,Huracan
2017,Land Rover,Discovery
2017,Land Rover,Discovery Sport
2017,Land Rover,Range Rover
2017,Land Rover,Range Rover Evoque
2017,Land Rover,Range Rover Sport
2017,Maserati,Ghibli
2017,Maserati,GranTurismo
2017,Maserati,Levante
2017,Maserati,Quattroporte
2017,McLaren,570GT
2017,McLaren,570S
2017,Porsche,718 Boxster
2017,Porsche,718 Cayman
2017,Porsche,911
2017,Porsche,Cayenne
2017,Porsche,Macan
2017,Porsche,Panamera
2017,Rolls-Royce,Dawn
2017,Rolls-Royce,Ghost
2017,Rolls-Royce,Wraith
2017,Tesla,Model S
2017,Tesla,Model X
2017,Volvo,S60
2017,Volvo,S90
2017,Volvo,V60
2017,Volvo,V90
2017,Volvo,XC60
2017,Volvo,XC90
2018,BMW,2 Series
2018,BMW,4 Series
2018,BMW,5 Series
2018,BMW,X4
2018,Dodge,Challenger
2018,Dodge,Charger
2018,GMC,Terrain
2018,Jaguar,F-PACE
2018,Alfa Romeo,4C Spider
2018,Alfa Romeo,Giulia
2018,Alfa Romeo,Stelvio
2018,Alfa Romeo,4C
2018,Aston Martin,Vanquish S
2018,Aston Martin,DB11
2018,Bentley,Bentayga
2018,Bentley,Continental
2018,Bentley,Mulsanne
2018,BMW,3 Series
2018,BMW,6 Series
2018,BMW,7 Series
2018,BMW,i3
2018,BMW,M3
2018,BMW,M4
2018,BMW,M5
2018,BMW,M6
2018,BMW,X1
2018,BMW,X2
2018,BMW,X3
2018,BMW,X5
2018,BMW,X5 M
2018,BMW,X6
2018,BMW,M2
2018,BMW,X6 M
2018,Dodge,Durango
2018,Dodge,Grand Caravan Passenger
2018,Dodge,Journey
2018,GMC,Acadia
2018,GMC,Canyon Crew Cab
2018,GMC,Canyon Extended Cab
2018,GMC,Sierra 1500 Crew Cab
2018,GMC,Sierra 1500 Double Cab
2018,GMC,Sierra 1500 Regular Cab
2018,GMC,Sierra 2500 HD Crew Cab
2018,GMC,Sierra 2500 HD Regular Cab
2018,GMC,Yukon
2018,GMC,Yukon XL
2018,GMC,Savana 2500 Cargo
2018,GMC,Savana 2500 Passenger
2018,GMC,Savana 3500 Cargo
2018,GMC,Savana 3500 Passenger
2018,GMC,Sierra 2500 HD Double Cab
2018,GMC,Sierra 3500 HD Crew Cab
2018,GMC,Sierra 3500 HD Double Cab
2018,GMC,Sierra 3500 HD Regular Cab
2018,Jaguar,E-PACE
2018,Jaguar,F-TYPE
2018,Jaguar,XE
2018,Jaguar,XF
2018,Jaguar,XJ
2018,Lamborghini,Huracan
2018,Land Rover,Discovery
2018,Land Rover,Discovery Sport
2018,Land Rover,Range Rover
2018,Land Rover,Range Rover Evoque
2018,Land Rover,Range Rover Sport
2018,Land Rover,Range Rover Velar
2018,Maserati,Ghibli
2018,Maserati,Levante
2018,Maserati,Quattroporte
2018,Porsche,718 Boxster
2018,Porsche,718 Cayman
2018,Porsche,911
2018,Porsche,Cayenne
2018,Porsche,Macan
2018,Porsche,Panamera
2018,Tesla,Model 3
2018,Tesla,Model S
2018,Tesla,Model X
2018,Volvo,S60
2018,Volvo,S90
2018,Volvo,V60
2018,Volvo,V90
2018,Volvo,XC60
2018,Volvo,XC90
